{
    "workDir":"D:/Program/3DReconstruct/Phase Measuring Deflectometry/PMD",
    "debug":true,
    "screen_delay": 500,
    "screenHeight":0.19426111,
    "screenWidth":0.34535309,
    "screenRows":1080,
    "screenCols":1920,
    "period_width":64,
    "period_height":36,
    "image_size":[4024,3036],
    "cameraMatrix":
        [3510.333, 0, 1209.65864,
        0, 3518.7035, 1030.643,
        0, 0, 1],
    "distCoeffs":[-0.0929897, 0.081957, 0, 0, 0],
    "CWT":
        [0.998783, -0.022403, -0.0439291, -0.0168203,
        -0.0256769, -0.99682, -0.0754386, 0.0314492,
        -0.0420994, 0.0764747, -0.996182, 0.195082,
        0, 0, 0, 1],
    "CST":
        [-0.831442, -0.010258, 0.555517, 0.318505,
        0.0137839, 0.999141, 0.03908, -0.165624,
        -0.555441, 0.04015, -0.830586, 0.184212,
        0, 0, 0, 1],
    "ROI":[0, 0, 1080, 1920],
    "marker_width":16,
    "marker_height":9,
    "marker_length":0.0172676545,
    "marker_separation":0.0028779424,
    "marker_Offset_X":0.3370790036,
    "marker_Offset_Y":0.18886497
}
