{
    "workDir":"D:/Program/3DReconstruct/Phase Measuring Deflectometry",
    "debug":true,
    "screen_delay": 500,
    "screenHeight":0.19426111,
    "screenWidth":0.34535309,
    "screenRows":1080,
    "screenCols":1920,
    "period_width":64,
    "period_height":36,
    "image_size":[4024,3036],
    "cameraMatrix":
        [3487.537554, 0, 1202.249456,
        0, 3501.378467, 1040.8696765,
        0, 0, 1],
    "distCoeffs":[-0.0581579, -0.204762, 0, 0, 0],
    "CWT":
        [-0.01655164577240431, 0.9990216629204951, 0.04100926770613657, -0.05811072408646133,
        0.9831808940391766, 0.008800869557167967, 0.1824222417671788, -0.05914208463991447,
        0.1818828541082149, 0.04333891681394951, -0.9823646805900768, 0.6099327406613485,
        0, 0, 0, 1],
    "marker_width":16,
    "marker_height":9,
    "marker_length":0.0308199,
    "marker_separation":0.006115614,
    "marker_Offset_X":0.0082740844,
    "marker_Offset_Y":0.18886497
}
