{
    "screenHeight":0.19426111,
    "screenWidth":0.34535309,
    "screenRows":1080,
    "screenCols":1920,
    "period_width":64,
    "period_height":36,
    "image_size":[4024,3036],
    "cameraMatrix":
        [8906.118216297999, 0, 1998.865016225821,
        0, 8895.184745431212, 1603.940171656504,
        0, 0, 1],
    "distCoeffs":[-0.185079, 0.45162, 0.00041119, -0.000481, -3.101673],
    "CWT":
        [-0.01655164577240431, 0.9990216629204951, 0.04100926770613657, -0.05811072408646133,
        0.9831808940391766, 0.008800869557167967, 0.1824222417671788, -0.05914208463991447,
        0.1818828541082149, 0.04333891681394951, -0.9823646805900768, 0.6099327406613485,
        0, 0, 0, 1]
    
}
